Mallory,100008,2024-06-01
Sybil,100025,2024-08-08
Sybil,100194,2024-05-01
Eve,100224,2024-07-08
Ivan,100245,2024-08-07
Oscar,100249,2024-04-01
Judy,100256,2024-09-01
David,100261,2024-04-08
Heidi,100262,2024-05-08
Charlie,100272,2024-05-09
Najwa,100342,2024-02-02
Grace,100345,2024-03-04
Judy,100386,2024-02-09
Heidi,100389,2024-08-08
Judy,100440,2024-06-09
David,100447,2024-09-05
Mallory,100499,2024-08-03
Peggy,100502,2024-02-08
Eve,100541,2024-01-09
Judy,100583,2024-09-07
Grace,100599,2024-04-07
Alice,100601,2024-04-02
David,100631,2024-02-06
Charlie,100635,2024-07-05
Eve,100644,2024-04-01
Bob,100651,2024-02-02
Ivan,100671,2024-01-02
Ivan,100688,2024-09-01
Alice,100692,2024-01-09
Frank,100720,2024-05-05
Ivan,100759,2024-08-08
Bob,100761,2024-06-03
Mallory,100805,2024-06-02
Sybil,100861,2024-02-03
Sybil,100865,2024-02-07
Grace,100870,2024-01-07
Peggy,100920,2024-05-03
Najwa,101027,2024-03-03
Frank,101061,2024-01-09
Grace,101103,2024-01-05
Sybil,101117,2024-08-03
Sybil,101136,2024-03-06
Najwa,101152,2024-08-01
Heidi,101161,2024-07-01
Bob,101172,2024-04-07
Frank,101183,2024-09-04
Alice,101212,2024-04-03
Judy,101213,2024-06-09
Grace,101277,2024-09-06
Judy,101314,2024-04-01
Sybil,101355,2024-02-06
Charlie,101366,2024-07-03
Judy,101516,2024-03-09
Ivan,101576,2024-03-02
Frank,101595,2024-04-05
Ivan,101628,2024-01-03
Sybil,101703,2024-03-04
Eve,101759,2024-06-08
Charlie,101763,2024-06-05
Grace,101801,2024-05-04
Eve,101811,2024-06-05
Sybil,101815,2024-03-03
Ivan,101828,2024-02-08
Oscar,101893,2024-08-05
Frank,101936,2024-03-07
Oscar,101941,2024-06-02
Eve,101968,2024-07-04
Oscar,102050,2024-09-03
Eve,102078,2024-08-02
Bob,102082,2024-06-05
Eve,102083,2024-01-06
Oscar,102119,2024-04-08
Charlie,102148,2024-07-09
Judy,102166,2024-06-06
Mallory,102230,2024-03-04
Najwa,102234,2024-02-05
Heidi,102279,2024-02-05
Sybil,102281,2024-05-02
Judy,102294,2024-02-05
Najwa,102430,2024-09-02
Ivan,102433,2024-08-03
Alice,102451,2024-03-06
Najwa,102456,2024-01-03
Najwa,102463,2024-01-03
Grace,102486,2024-09-03
Oscar,102487,2024-02-04
Oscar,102536,2024-01-08
Ivan,102555,2024-07-07
Judy,102560,2024-03-07
David,102608,2024-03-06
Heidi,102611,2024-02-02
Sybil,102613,2024-06-06
Mallory,102658,2024-07-08
Judy,102664,2024-01-09
Ivan,102681,2024-08-02
David,102736,2024-08-09
Judy,102741,2024-08-07
Alice,102756,2024-07-01
Heidi,102759,2024-04-05
Grace,102771,2024-04-03
Judy,102857,2024-09-07
David,102868,2024-03-07
Heidi,102900,2024-09-09
Heidi,102967,2024-05-07
Bob,103021,2024-07-02
Judy,103037,2024-01-08
Frank,103043,2024-05-01
Bob,103070,2024-07-03
Mallory,103091,2024-08-02
Sybil,103121,2024-02-09
Oscar,103140,2024-01-01
Mallory,103227,2024-02-03
Najwa,103237,2024-09-06
Mallory,103265,2024-03-06
Judy,103270,2024-04-02
Mallory,103319,2024-05-08
David,103396,2024-04-03
Sybil,103410,2024-09-08
Mallory,103434,2024-06-07
Charlie,103451,2024-02-06
Judy,103456,2024-08-05
Najwa,103544,2024-04-08
Eve,103556,2024-03-05
Mallory,103557,2024-09-04
Oscar,103567,2024-06-03
Mallory,103569,2024-01-08
Alice,103579,2024-07-07
Najwa,103593,2024-05-06
Grace,103647,2024-05-06
David,103678,2024-03-05
Judy,103705,2024-01-06
David,103737,2024-04-04
Heidi,103742,2024-08-08
Alice,103781,2024-02-02
Ivan,103800,2024-09-05
Heidi,103802,2024-09-01
Eve,103869,2024-06-06
Frank,103901,2024-03-01
Frank,103924,2024-01-01
Oscar,104063,2024-08-08
Frank,104112,2024-04-04
Judy,104145,2024-03-05
Frank,104155,2024-06-07
Najwa,104157,2024-04-04
Grace,104165,2024-08-05
Oscar,104175,2024-02-06
Peggy,104176,2024-01-08
Judy,104185,2024-07-01
Alice,104217,2024-02-05
Mallory,104387,2024-01-03
Bob,104407,2024-01-07
Charlie,104429,2024-03-02
Oscar,104441,2024-04-01
Judy,104450,2024-04-06
Sybil,104472,2024-06-06
Oscar,104480,2024-06-08
Heidi,104481,2024-03-01
Bob,104490,2024-08-06
Heidi,104493,2024-04-03
Najwa,104503,2024-05-06
Judy,104514,2024-01-08
Sybil,104524,2024-02-08
Judy,104526,2024-03-03
Alice,104533,2024-04-01
Grace,104550,2024-03-01
David,104566,2024-07-03
Eve,104583,2024-02-05
Grace,104601,2024-07-07
Peggy,104602,2024-02-02
Bob,104656,2024-01-01
Ivan,104658,2024-01-08
Sybil,104664,2024-05-07
Heidi,104692,2024-07-04
Najwa,104735,2024-03-06
Heidi,104740,2024-05-01
Najwa,104767,2024-06-04
Alice,104783,2024-04-02
Frank,104796,2024-01-02
Peggy,104910,2024-06-07
Ivan,104922,2024-04-05
Bob,104936,2024-04-02
Najwa,104982,2024-05-07
Grace,105019,2024-09-01
Peggy,105025,2024-05-08
Heidi,105035,2024-02-07
Najwa,105070,2024-09-02
Judy,105086,2024-03-07
Ivan,105153,2024-08-06
Oscar,105181,2024-01-05
Charlie,105196,2024-08-05
Alice,105215,2024-02-09
Peggy,105243,2024-08-07
Sybil,105267,2024-04-09
Najwa,105319,2024-02-03
Grace,105326,2024-06-02
Bob,105334,2024-06-03
Peggy,105401,2024-06-05
Peggy,105435,2024-01-07
Charlie,105438,2024-06-03
Sybil,105486,2024-01-01
Sybil,105578,2024-06-05
David,105621,2024-05-01
Najwa,105629,2024-05-02
Charlie,105634,2024-09-04
Mallory,105660,2024-08-04
Charlie,105726,2024-06-07
David,105732,2024-09-09
Najwa,105767,2024-07-01
Grace,105773,2024-09-05
Peggy,105790,2024-09-06
Eve,105796,2024-08-05
Heidi,105798,2024-02-07
Eve,105815,2024-09-09
Grace,105846,2024-03-04
David,105851,2024-07-03
Grace,105886,2024-07-05
Bob,105923,2024-05-02
David,105929,2024-07-03
David,105934,2024-03-01
Alice,105941,2024-04-09
Peggy,105961,2024-05-09
Grace,105987,2024-07-01
Judy,106010,2024-04-07
Sybil,106020,2024-02-04
Mallory,106037,2024-09-08
David,106040,2024-04-02
Peggy,106063,2024-01-07
Mallory,106069,2024-02-08
David,106098,2024-09-02
Oscar,106101,2024-01-04
Ivan,106116,2024-07-09
Peggy,106131,2024-03-06
Peggy,106138,2024-07-06
Frank,106186,2024-02-05
Heidi,106279,2024-04-04
Judy,106287,2024-02-03
Peggy,106322,2024-08-04
Bob,106343,2024-02-01
Eve,106350,2024-09-09
Najwa,106363,2024-06-05
Mallory,106364,2024-09-03
Bob,106428,2024-06-04
Ivan,106608,2024-02-02
Judy,106630,2024-08-01
Alice,106638,2024-08-03
Charlie,106642,2024-04-05
Ivan,106656,2024-05-09
Alice,106696,2024-02-05
Grace,106731,2024-03-05
Grace,106742,2024-04-03
Charlie,106758,2024-03-03
Bob,106776,2024-09-04
David,106815,2024-03-09
Sybil,106837,2024-04-06
Bob,106849,2024-03-02
Mallory,106852,2024-05-07
Judy,106855,2024-01-02
Peggy,106895,2024-07-09
Oscar,106896,2024-09-04
Ivan,106928,2024-07-02
Peggy,106981,2024-04-09
Charlie,106985,2024-09-09
Sybil,106987,2024-01-02
Grace,106991,2024-08-05
David,107001,2024-08-08
Bob,107047,2024-04-07
Ivan,107057,2024-09-09
Grace,107062,2024-02-08
Charlie,107094,2024-07-09
Frank,107104,2024-04-07
Peggy,107106,2024-04-02
Mallory,107126,2024-07-01
Mallory,107129,2024-02-02
Mallory,107145,2024-04-03
Charlie,107354,2024-03-02
David,107355,2024-07-02
David,107367,2024-03-04
Charlie,107378,2024-08-01
Eve,107392,2024-08-03
Peggy,107393,2024-09-04
Grace,107407,2024-02-03
Bob,107477,2024-07-05
Charlie,107522,2024-01-04
Najwa,107526,2024-01-09
Ivan,107553,2024-02-02
Bob,107570,2024-06-04
Bob,107602,2024-01-03
Najwa,107609,2024-06-08
Oscar,107653,2024-07-04
Peggy,107665,2024-04-01
Bob,107667,2024-04-05
Mallory,107673,2024-09-02
Charlie,107706,2024-05-03
Oscar,107720,2024-06-05
Ivan,107814,2024-06-05
Grace,107892,2024-01-09
Sybil,107917,2024-09-01
Alice,107944,2024-03-03
Peggy,107959,2024-05-01
Grace,107961,2024-09-06
Bob,108036,2024-03-02
Heidi,108089,2024-06-05
Sybil,108128,2024-08-01
Ivan,108134,2024-08-04
Grace,108193,2024-09-05
Eve,108219,2024-02-05
Grace,108250,2024-07-04
Mallory,108429,2024-07-06
Charlie,108438,2024-02-08
Charlie,108444,2024-09-04
Frank,108468,2024-05-09
Oscar,108507,2024-08-03
Heidi,108512,2024-06-07
Sybil,108518,2024-03-09
Judy,108520,2024-01-01
Peggy,108530,2024-02-09
Najwa,108534,2024-04-05
Najwa,108545,2024-03-03
Grace,108639,2024-03-08
Alice,108644,2024-06-01
Heidi,108691,2024-02-02
Frank,108756,2024-07-06
Najwa,108797,2024-04-01
Sybil,108805,2024-05-02
Oscar,108810,2024-09-05
Sybil,108824,2024-08-03
Judy,108834,2024-03-03
Grace,108835,2024-08-08
Grace,108868,2024-03-03
Heidi,108869,2024-05-04
Heidi,108872,2024-01-08
Ivan,108922,2024-03-02
Ivan,108932,2024-05-04
Judy,108951,2024-01-05
Grace,108957,2024-01-01
Eve,108981,2024-08-01
Judy,109021,2024-01-02
Frank,109025,2024-01-05
Alice,109092,2024-06-07
Mallory,109097,2024-08-03
Sybil,109119,2024-02-04
Frank,109121,2024-06-01
Mallory,109155,2024-01-08
Bob,109193,2024-01-04
Najwa,109194,2024-09-09
David,109212,2024-03-04
Oscar,109270,2024-07-05
Najwa,109273,2024-01-06
Grace,109274,2024-02-08
Mallory,109285,2024-07-04
Ivan,109289,2024-02-06
Heidi,109298,2024-07-03
Grace,109306,2024-06-04
Mallory,109320,2024-04-05
Judy,109368,2024-08-07
Alice,109384,2024-05-05
Oscar,109398,2024-05-01
Bob,109422,2024-02-02
Ivan,109433,2024-08-09
Heidi,109578,2024-07-09
Ivan,109595,2024-08-04
Frank,109599,2024-09-06
Judy,109652,2024-07-04
Alice,109662,2024-04-05
Alice,109671,2024-02-03
Eve,109681,2024-06-09
Grace,109697,2024-02-02
Heidi,109791,2024-07-09
Judy,109794,2024-09-04
David,109799,2024-03-04
Alice,109806,2024-03-07
Oscar,109814,2024-02-08
Charlie,109834,2024-01-09
Alice,109854,2024-06-03
Ivan,109859,2024-01-04
Heidi,109887,2024-07-01
Judy,109912,2024-02-06
Grace,109916,2024-04-01
